{
  "best_algorithm": "Greedy Best-First",
  "results": {
    "name": "Greedy Best-First",
    "avg_time": 0.00017507076263427733,
    "avg_path_length": 39.0,
    "success_rate": 100.0,
    "times": [
      0.00020456314086914062,
      0.00016546249389648438,
      0.00029158592224121094,
      0.0001609325408935547,
      0.00015878677368164062,
      0.00015878677368164062,
      0.0001704692840576172,
      0.0001468658447265625,
      0.0001468658447265625,
      0.00014638900756835938
    ],
    "path_lengths": [
      39,
      39,
      39,
      39,
      39,
      39,
      39,
      39,
      39,
      39
    ],
    "timeout_count": 0,
    "score": 170.71020807077653
  }
}